{
    "parent": "minecraft:item/handheld_rod",
    "textures": {
      "layer0": "minecraft:item/carrot_on_a_stick"
    },
    "overrides": [
      {
        "predicate":{
            "custom_model_data":1
        },
        "model":"bedwars:last"
    },
    {
        "predicate":{
            "custom_model_data":2
        },
        "model":"bedwars:reset"
    },
    {
        "predicate":{
            "custom_model_data":3
        },
        "model":"bedwars:cancel"
    }
    ]  
}